{
  "timestamp": "2025-11-25T09:11:53.177729+00:00Z",
  "selected_model_name": "Extra Trees",
  "selected_train_ratio": 70,
  "selected_test_ratio": 30,
  "experiment_best_config": {
    "test_acc": 0.9901301862828111,
    "test_prec": 0.9896473265073947,
    "test_rec": 0.9891409403604525,
    "test_f1": 0.9893940686399955,
    "train_time": 12.97341275215149
  },
  "external_test_results": {
    "test_acc": 0.759969835425631,
    "test_prec": 0.9591634698675906,
    "test_rec": 0.604036783042394,
    "test_f1": 0.741261416343901,
    "test_time": 1.4336647987365723,
    "confusion_matrix": [
      [
        9381,
        330
      ],
      [
        5081,
        7751
      ]
    ]
  },
  "reduced_global_features": {
    "original_dim": 104,
    "reduced_dim": 16,
    "selected_indices_sorted": [
      0,
      1,
      2,
      3,
      4,
      5,
      6,
      7,
      8,
      21,
      33,
      45,
      70,
      75,
      91,
      99
    ],
    "selected_features": [
      "flag_SF",
      "num__same_srv_rate",
      "num__dst_host_srv_count",
      "num__logged_in",
      "num__dst_host_srv_serror_rate",
      "num__count",
      "service_http",
      "service_private",
      "num__dst_host_count",
      "service_domain_u",
      "num__srv_rerror_rate",
      "num__dst_host_diff_srv_rate",
      "protocol_type_udp",
      "service_smtp",
      "num__diff_srv_rate",
      "flag_REJ"
    ],
    "dropped_features": [
      "logged_in_1",
      "flag_S0"
    ],
    "high_corr_pairs": [
      [
        "num__logged_in",
        "logged_in_1",
        1.0
      ],
      [
        "num__dst_host_srv_serror_rate",
        "flag_S0",
        0.9812092953513156
      ]
    ],
    "correlations_with_target": [
      -0.7528163177886343,
      -0.7233968666381718,
      -0.6916711734942015,
      0.6557135785339497,
      0.577517876493028,
      0.3770208921683655,
      0.25356849944912413,
      0.24322719860662717,
      0.2028200365489771,
      -0.2181138665436782,
      -0.2583013613884745,
      -0.5628829218210936,
      0.44826053128254295,
      -0.21343610825561116,
      0.1846974888632962,
      -0.7574953914261472
    ],
    "abs_correlations": [
      0.7528163177886343,
      0.7233968666381718,
      0.6916711734942015,
      0.6557135785339497,
      0.577517876493028,
      0.3770208921683655,
      0.25356849944912413,
      0.24322719860662717,
      0.2028200365489771,
      0.2181138665436782,
      0.2583013613884745,
      0.5628829218210936,
      0.44826053128254295,
      0.21343610825561116,
      0.1846974888632962,
      0.7574953914261472
    ],
    "top_n_features": 18,
    "redundancy_threshold": 0.9,
    "selection_method": "top_n_by_target_correlation"
  },
  "selected_numeric_features": [
    "same_srv_rate",
    "dst_host_srv_count",
    "logged_in",
    "dst_host_srv_serror_rate",
    "count",
    "dst_host_count",
    "srv_rerror_rate",
    "dst_host_diff_srv_rate",
    "diff_srv_rate",
    "srv_diff_host_rate",
    "wrong_fragment",
    "dst_host_same_src_port_rate",
    "dst_host_srv_diff_host_rate",
    "duration",
    "is_guest_login",
    "num_access_files",
    "su_attempted",
    "num_file_creations",
    "root_shell",
    "hot"
  ],
  "all_experiments": [
    {
      "Train_Ratio": 60,
      "Test_Ratio": 40,
      "Model": "Decision Tree",
      "Train_Acc": 0.9934112168080124,
      "Test_Acc": 0.9882117128738415,
      "Train_Prec": 0.9934266689431449,
      "Test_Prec": 0.9885023080868525,
      "Train_Rec": 0.9924100289953949,
      "Test_Rec": 0.9861419068736141,
      "Train_F1": 0.9929180887372013,
      "Test_F1": 0.9873206967213115,
      "Train_Time": 0.18901896476745605,
      "Test_Time": 0.013135671615600586
    },
    {
      "Train_Ratio": 60,
      "Test_Ratio": 40,
      "Model": "Random Forest",
      "Train_Acc": 0.9972215974491618,
      "Test_Acc": 0.989938280180198,
      "Train_Prec": 0.9972979122816997,
      "Test_Prec": 0.9910962715637173,
      "Train_Rec": 0.9967309113650578,
      "Test_Rec": 0.9872505543237251,
      "Train_F1": 0.9970143312101911,
      "Test_F1": 0.9891696750902527,
      "Train_Time": 11.954433917999268,
      "Test_Time": 2.0868306159973145
    },
    {
      "Train_Ratio": 60,
      "Test_Ratio": 40,
      "Model": "Extra Trees",
      "Train_Acc": 0.9972215974491618,
      "Test_Acc": 0.9901565817936454,
      "Train_Prec": 0.9967609955676782,
      "Test_Prec": 0.9905547482690829,
      "Train_Rec": 0.9972710216612656,
      "Test_Rec": 0.9882739212007504,
      "Train_F1": 0.9970159433881831,
      "Test_F1": 0.9894130202774813,
      "Train_Time": 10.649420976638794,
      "Test_Time": 2.588010549545288
    },
    {
      "Train_Ratio": 60,
      "Test_Ratio": 40,
      "Model": "KNN",
      "Train_Acc": 0.9859492213857614,
      "Test_Acc": 0.9843021294330112,
      "Train_Prec": 0.9866484080794249,
      "Test_Prec": 0.9849347314359084,
      "Train_Rec": 0.9831144465290806,
      "Test_Rec": 0.9812809142077434,
      "Train_F1": 0.9848782571550619,
      "Test_F1": 0.983104427878762,
      "Train_Time": 0.004724264144897461,
      "Test_Time": 57.525033473968506
    },
    {
      "Train_Ratio": 60,
      "Test_Ratio": 40,
      "Model": "CatBoost",
      "Train_Acc": 0.99302753264623,
      "Test_Acc": 0.9899184345789755,
      "Train_Prec": 0.9930561484390563,
      "Test_Prec": 0.9905079527963058,
      "Train_Rec": 0.9919551992722725,
      "Test_Rec": 0.9878048780487805,
      "Train_F1": 0.992505368545302,
      "Test_F1": 0.9891545687446627,
      "Train_Time": 8.080718040466309,
      "Test_Time": 0.7786049842834473
    },
    {
      "Train_Ratio": 60,
      "Test_Ratio": 40,
      "Model": "Deep Neural Net",
      "Train_Acc": 0.9797838138205681,
      "Test_Acc": 0.9797773323542837,
      "Train_Prec": 0.984005523272539,
      "Test_Prec": 0.9841167076697311,
      "Train_Rec": 0.9723690943203138,
      "Test_Rec": 0.9722411734606856,
      "Train_F1": 0.978152702316271,
      "Test_F1": 0.9781428969777568,
      "Train_Time": 179.87961626052856,
      "Test_Time": 8.804299354553223
    },
    {
      "Train_Ratio": 70,
      "Test_Ratio": 30,
      "Model": "Decision Tree",
      "Train_Acc": 0.9930823315944659,
      "Test_Acc": 0.9878281117696867,
      "Train_Prec": 0.9923045077076688,
      "Test_Prec": 0.9864811133200795,
      "Train_Rec": 0.9928364318608222,
      "Test_Rec": 0.9873784751833532,
      "Train_F1": 0.9925703985189516,
      "Test_F1": 0.986929590271069,
      "Train_Time": 0.2148597240447998,
      "Test_Time": 0.013441324234008789
    },
    {
      "Train_Ratio": 70,
      "Test_Ratio": 30,
      "Model": "Random Forest",
      "Train_Acc": 0.9970968473576775,
      "Test_Acc": 0.9897861981371718,
      "Train_Prec": 0.9972931450727924,
      "Test_Prec": 0.9901418884266909,
      "Train_Rec": 0.9964669476864599,
      "Test_Rec": 0.9878901586218659,
      "Train_F1": 0.9968798751950078,
      "Test_F1": 0.9890147418748932,
      "Train_Time": 14.183244466781616,
      "Test_Time": 2.151358127593994
    },
    {
      "Train_Ratio": 70,
      "Test_Ratio": 30,
      "Model": "Extra Trees",
      "Train_Acc": 0.9970968473576775,
      "Test_Acc": 0.9901301862828111,
      "Train_Prec": 0.996542404246512,
      "Test_Prec": 0.9896473265073947,
      "Train_Rec": 0.9972222899052168,
      "Test_Rec": 0.9891409403604525,
      "Train_F1": 0.9968822311533309,
      "Test_F1": 0.9893940686399955,
      "Train_Time": 12.97341275215149,
      "Test_Time": 2.7108261585235596
    },
    {
      "Train_Ratio": 70,
      "Test_Ratio": 30,
      "Model": "KNN",
      "Train_Acc": 0.9867883873894308,
      "Test_Acc": 0.9849968247248095,
      "Train_Prec": 0.987577032182334,
      "Test_Prec": 0.9853444343065694,
      "Train_Rec": 0.9839916181379597,
      "Test_Rec": 0.9823753482290067,
      "Train_F1": 0.985781065016538,
      "Test_F1": 0.9838576512455516,
      "Train_Time": 0.005070924758911133,